<config xmlns:xsi="http://www.w3.org/2001/XMLSchema-instance" xsi:noNamespaceSchemaLocation="urn:magento:framework:Acl/etc/acl.xsd">
    <acl>
        <resources>
            <resource id="Magento_Backend::admin">
                <resource id="CP_Newsmodule::first_level_demo" title="CP_News" sortOrder="10" >
                    <resource id="CP_Newsmodule::second_level_demo" title="Newsmodule" sortOrder="0" />  
                </resource>
            </resource>
        </resources>
    </acl>
</config>
