id,summary,description,date,status,short_description
35,Riddhi,Nice,2017-09-14 00:00:00,1,Nice
36,Product data,Product data,2017-09-14 00:00:00,0,dfdf
37,Riddhi,Nice,2017-09-19 00:00:00,1,Nice
38,Akshay,Thakkar,2017-09-20 00:00:00,1,Nice
39,Kushangi,Panchal,20/09/17 00:00,1,good
40,Riddhisdfsdf,Nice,2017-09-14 00:00:00,1,Nice
41,Product dsdfdsfata,Product data,2017-09-14 00:00:00,0,dfdf
42,Riddhiasdfsdf,Nice,2017-09-19 00:00:00,1,Nice
43,Akshaydsfsdf,Thakkar,2017-09-20 00:00:00,1,Nice
44,Kushangisdfsd,Panchal,20/09/17 00:00,1,good
45,HGFGHFH,HFGHJ,14/09/17 00:00,1,Good
46,Raksha,Panchal,14/09/17 00:00,1,Nice
47,Ruhi,Shah,20/09/17 00:00,0,Nice
